{"EAy9fxDT2lPhu0/A9ZQbuQ==":"1656de945101215-260x345.jpg","otMLYMwL1zRfuuCBoYE7KQ==":"1656de945101215-1-260x345.jpg","vnr6Dqso17NmS7KkhrrF1g==":"dscn7820-1024x768.jpg","tjFfg9Ucsg70524ZIH0Dcw==":"ann_sels-700x458.jpg","Qyb4fSwyQkjCfw47n/hOdg==":"6277389273_10fef0daac_b-220x128.jpg","to/2zdpLCPYCto9HPsYMPw==":"6280036507_f7d3a42fd7_b-220x119.jpg","68zfNj1072e/pMt7fj/aJQ==":"6280552396_48349ab328_b-300x173.jpg","kp+0amdw50KTwl/TWECTew==":"ann_sels-1-700x458.jpg","6FPGn4drUGL12RvcSCnMXw==":"6277389273_10fef0daac_b-1-220x128.jpg","Kjrf56KQSLEcLf4Ncm94oQ==":"6280036507_f7d3a42fd7_b-1-220x119.jpg","gkWfuyyXBBumMNX7PqaHJA==":"6280552396_48349ab328_b-1-300x173.jpg","JoZQhtcC1r2EMMFNvC7y/g==":"cq5dam.web.384.614-384x230.jpg","+5YwMWZh0JdgyWXUJZRRTQ==":"gewonnen%20wat%20nu%20v2-358x220.png","/r23iDgySsie0mwz8U7S2g==":"kranten-1280x720.jpg","epkWHTdK+tnqa2Z6q3dQbQ==":"kranten-1-1280x720.jpg","3yctsV6+Z070Fq8RsI5nDQ==":"dscn1899-1600x1066.jpg","Vr71xHmhPAliWsYKiAB79A==":"ann_sels-2-700x458.jpg","UHra5tUKZeiahAqPYkhC2A==":"turnhout-46-1200x630.jpg","kKrNP9YN9wqZIkh7WCcAGA==":"p1040340_edited-1280x856.jpg","v+2KVbw9V0Ov1o+AV7zZ0Q==":"p1040340_edited-1-1280x856.jpg","qwGPPH9vaSE0bFNQ/9Aqgg==":"mbr-1920x1080.jpg","LWOPAQunilfvSvbO1peonQ==":"mbr-1440x1080.jpg","RRmutPXcFJFWurP/pMTJIQ==":"mbr-721x1080.jpg","E1wIXJvRApM3upGzHpX79A==":"mbr-1-721x1080.jpg","JuK23JBk4hSrP/vQBLu9MQ==":"mbr-2-721x1080.jpg","kVKdzdH5xhqKxJbjoiSe1Q==":"mbr-3-721x1080.jpg","llOMi9pnQWpdZIvf3FivOg==":"mbr-4-721x1080.jpg","O3KmnCjp6NS61AgeCai8zA==":"mbr-1-1440x1080.jpg","eKtDt49ts85sK72Twh74DA==":"cq5dam.web.384.614-1-384x230.jpg","fdLbT7YhWdnnrvx8z9FFkw==":"mbr-1618x1080.jpg","2lX6bF0QXHM1Tq7m1ndcaw==":"mbr-1-1618x1080.jpg","eIVAWVRV6/ucTJrzgWvNyw==":"lotto-484782_960-720-960x720.jpg","felRWOS9yBErw6BsvrEjUA==":"unnamed-1600x900.png","yShdbxW9Fdy1Da781xaGvg==":"img_2763%20klein-400x267.jpg","P9t8/734ZY82GIbU3VOxtw==":"nynkek-zelf-transparante-stickers-maken-en-printen-1221-1000x657.jpg","0qmAvopSIMl6rKMjHSHjNQ==":"gelders-energieakkoord-krant-spread-900x605.jpg","3pnxYnIQ5ix86GoV39VMhg==":"krantvrijsdtaand1-768x384.jpg","+ijMC5DfDjOyU6o9a/KtrA==":"dscn1899-1-1600x1066.jpg","83ImaGVLSpNQyQOMYVF1sw==":"mbr-719x1080.jpg"}